time,observed_power,desired_power,drum_1,drum_2,drum_3,drum_4,drum_5,drum_6,drum_7,drum_8,actual_power,c1,c2,c3,c4,c5,c6,Tf,Tm,Tc,Xe,I,diff
0.0,1.0,1.0,77.8,77.8,77.8,77.8,77.8,77.8,77.8,77.8,1.0,1.0,1.0,1.0,1.0,1.0,1.0,832.4,830.22,814.35,1.0211272127599268e+19,1.1698434407665506e+19,0.0
1.0,0.9986791761269942,1.0,77.61023633480072,77.89988643229007,77.6526986092329,77.86005400419235,78.08672635555267,77.58194001317024,78.00790272951126,77.47935824394226,0.9986791761269942,0.9999940231597994,0.9999851594339998,0.999946926299808,0.9998645561688008,0.9995276676912042,0.9992020243441813,832.3961316205978,830.2200572263954,814.3497515552338,1.0211272185267642e+19,1.1698434249385632e+19,-0.13208238730058053
2.0,0.9998569668621907,1.0,77.4853284239769,78.05327372550964,77.58443787246942,77.9733921021223,78.42512493133545,77.43556486368179,78.29135145545006,77.2504874497652,0.9998569668621907,0.9999800442887136,0.9999509430729707,0.9998320784760485,0.9996114915716923,0.999145465356047,0.9991150526010456,832.3897187376131,830.2196449367722,814.3495242255245,1.021127232143072e+19,1.1698433875641123e+19,-0.014303313780927862
3.0,0.9981766706556697,1.0,77.27603490948677,78.13444987237453,77.408832500875,78.01723251789808,78.69126673340797,77.19184355735779,78.46832268238067,76.89810809791088,0.9981766706556697,0.9999741609970968,0.9999372280728668,0.9997957395440323,0.9995745680355451,0.9992873721461003,0.9992277090493792,832.3900553963919,830.2192785549162,814.3492976140545,1.0211272380574423e+19,1.1698433713267896e+19,-0.18233293443302712
4.0,0.9999758023568307,1.0,77.17370462715625,78.30471678376198,77.36498501449823,78.14902789443731,79.04426487088203,77.06753035187721,78.77252970933914,76.6982812911272,0.9999758023568307,0.9999550168590955,0.9998911481690569,0.9996510250732384,0.9992880279951596,0.9988031273475688,0.9987074264924845,832.3828971880223,830.2184957808986,814.3490598195824,1.0211272569203327e+19,1.1698433195473508e+19,-0.0024197643169299177
5.0,0.9978216974366312,1.0,76.94914326369762,78.37087860256433,77.16652278155088,78.18017641752958,79.29356289207935,76.80300681591034,78.92408566474914,76.32035219967365,0.9978216974366312,0.9999507706386741,0.9998825470493484,0.9996456054274271,0.9993630256394483,0.9992563280468401,0.9993595523695032,832.3867953715101,830.2179469894064,814.3488021129824,1.0211272615488473e+19,1.1698433068337064e+19,-0.2178302563368817
6.0,1.0002395362791539,1.0,76.86765367090702,78.55657973438501,77.14494776278734,78.32899128943681,79.6597652465105,76.69878803491592,79.24701537489891,76.14706775844097,1.0002395362791539,0.9999286380735117,0.9998300835383492,0.9994893598773558,0.9990669410245585,0.9986360219782582,0.9984493541501491,832.3789558940266,830.2170038571717,814.3485254414121,1.021127283593981e+19,1.1698432463143893e+19,0.023953627915385134
7.0,0.9973413752615619,1.0,76.62387600839138,78.60442342534661,76.91872094124555,78.34420271515846,79.8889823436737,76.40900500416755,79.3684015378356,75.73791390955448,0.9973413752615619,0.9999265105739672,0.9998277730822839,0.9995165497586335,0.9992348467514987,0.9992797096415137,0.9995165329357879,832.385297656871,830.216437854508,814.3482273069276,1.021127286483915e+19,1.1698432383666375e+19,-0.26586247384381423
8.0,1.0007728455843552,1.0,76.57238788828253,78.81325901225209,76.93084673136472,78.51755902469158,80.27597843408584,76.3352461412549,79.72120759934187,75.60438078939914,1.0007728455843552,0.9999011024908462,0.9997682075360796,0.9993441740104366,0.9989026580010117,0.9984857434007834,0.9981538517064835,832.3758727601555,830.2154020173277,814.3479121370381,1.0211273120036289e+19,1.169843168304654e+19,0.07728455843551973
9.0,0.99646705052083,1.0,76.29368837103247,78.82954748272896,76.65723298043012,78.50390735566616,80.47206022143364,76.00242381840944,79.79324855208397,75.1413611203432,0.99646705052083,0.9999025354799842,0.99977571549172,0.999414059670583,0.9991751831362711,0.9993590700065946,0.999828840691081,832.3849669329139,830.214913867292,814.3475804058463,1.0211273117670722e+19,1.1698431689319264e+19,-0.35329494791700444
10.0,1.0018845718371967,1.0,76.29707425385713,79.08242367506027,76.73408576399088,78.72223615944385,80.90044428706169,75.98726292997598,80.20619540214538,75.08343199193477,1.0018845718371967,0.9998718806435608,0.9997041425365746,0.9992064105136711,0.998752677754103,0.9982979751218068,0.9978052258105352,832.3724704184874,830.2137551577179,814.3472347326139,1.021127342676739e+19,1.1698430840698483e+19,0.18845718371967024
11.0,0.9929745945022197,0.998,75.8927497819066,78.9897896528244,76.29908999353647,78.60432331562042,80.9869932115078,75.50751283317804,80.11728663295507,74.58343199193477,0.9929745945022197,0.9998694730836617,0.9997029938284644,0.9992500869263594,0.998942106386254,0.9986080688300428,0.9979004294743555,832.3780257785056,830.2133159815037,814.3468763936434,1.0211273464455868e+19,1.1698430736975616e+19,-0.50254054977803
12.0,0.9989452850767498,0.996,75.9819424405694,79.31090502738952,76.47809822410345,78.8915310382843,81.48039014935493,75.58384245187044,80.61728663295507,74.64372113645076,0.9989452850767498,0.9997876125655902,0.999506170738672,0.9986145870267287,0.9975014356824109,0.9952238948029589,0.9948625232306588,832.3358462091664,830.2106404475401,814.346459061474,1.0211274273321144e+19,1.169842851655062e+19,0.29452850767498484
13.0,0.990324643200636,0.994,75.54007136374712,79.18211552798748,75.99069548696279,78.74089366495609,81.52864339128136,75.08384245187044,80.47269455641508,74.14372113645076,0.990324643200636,0.999757041991503,0.9994389468317272,0.9984695013479126,0.9974047605150674,0.9960516301309403,0.9951659128293379,832.338528756142,830.2081294132863,814.3458878580645,1.0211274593740077e+19,1.1698427636619764e+19,-0.3675356799364038
14.0,0.9929535695795434,0.992,75.58972866758704,79.46578908264637,76.11521112471819,78.99393070042133,81.98268153443932,75.10992799252271,80.92443997710943,74.14169286489486,0.9929535695795434,0.9996237780167322,0.9991196385876323,0.9974586073947367,0.9952357612231393,0.9911624651732837,0.9898443283728954,832.2783228191719,830.2029387072354,814.3451179049146,1.0211275913277108e+19,1.1698424014296095e+19,0.09535695795434007
15.0,0.9878443043197362,0.99,75.2766078852117,79.44104939624667,75.78324889689684,78.94745508134365,82.13093046024441,74.72213138192892,80.92724493071437,73.64169286489486,0.9878443043197362,0.9995317336485606,0.99890762656004,0.9968933665253028,0.9944284165436511,0.9916360162792369,0.9915346229978454,832.2669769480249,830.1967460475261,814.3440002380606,1.0211276849010665e+19,1.1698421445116965e+19,-0.21556956802637472
16.0,0.9871705926510711,0.988,75.21452487558126,79.62587578520179,75.76224283054471,79.10679346621036,82.48466912582516,74.61579045951366,81.23199897930026,73.47251968383789,0.9871705926510711,0.9993626165610843,0.9985090467340827,0.9957156831560753,0.9922075050982474,0.9873559667685171,0.9850712332166613,832.2113041531627,830.1884369181073,814.3424931928735,1.0211278542286762e+19,1.169841679647861e+19,-0.082940734892889
17.0,0.9847755248256742,0.986,75.02426518052816,79.70001774951815,75.57786328271031,79.15963056981563,82.72766824737191,74.36120510399341,81.37432673498988,73.11528905034065,0.9847755248256742,0.9992009947294439,0.9981361114778461,0.9947124595352771,0.9906870647413895,0.986586635175171,0.986069055774766,832.1829884787608,830.178411321257,814.3404812880995,1.0211280183389217e+19,1.1698412290654417e+19,-0.12244751743257787
18.0,0.9822030070403979,0.984,74.88330541104078,79.81349703595042,75.45220900252461,79.25219394564628,83.0081522680819,74.1595184981823,81.5718664817512,72.8261991918087,0.9822030070403979,0.9990001030468844,0.9976726998928463,0.9934608840151561,0.9886976536947886,0.9839018875644984,0.982701855213148,832.1397121152818,830.1668121643335,814.3379240062297,1.0211282224091826e+19,1.1698406687666926e+19,-0.17969929596021172
19.0,0.981452058982774,0.982,74.76384922415018,79.9425247900188,75.35025305226445,79.3614311248064,83.3024707056582,73.97908380925655,81.78995984718203,72.56495692133903,0.981452058982774,0.9987812629277909,0.9971732160172426,0.9921705737996338,0.9868188337736096,0.9821737850942671,0.9815252591821919,832.1021669934522,830.1535048834231,814.3347636036458,1.02112844630751e+19,1.1698400539983038e+19,-0.054794101722599464
20.0,0.977554425023715,0.98,74.57354802936315,80.00958940312266,75.15689938440919,79.41151964217424,83.53433204367757,73.71552083194256,81.91647763475775,72.19858362078666,0.977554425023715,0.9985431593721654,0.9966347282914468,0.9908276983397806,0.9849552293518998,0.9801674347134792,0.9791032424685342,832.0645270554746,830.1389944281208,814.3309779726413,1.0211286914596741e+19,1.1698393808435925e+19,-0.24455749762849477
21.0,0.9824466300749733,0.981,74.58584847226739,80.24600399956107,75.21433523222804,79.62829012721777,83.93176633790135,73.67986605614423,82.28560559377074,72.12290621101856,0.9824466300749733,0.9982921972462506,0.9960742527337942,0.9895022141881286,0.9833090451431736,0.9793925586683999,0.9790012832538617,832.0350061730572,830.1230504805266,814.3265461835075,1.021128952047821e+19,1.1698386652633053e+19,0.14466300749733652
22.0,0.9772574645866522,0.982,74.30562468543648,80.23551807105541,74.90499630495906,79.60482126027345,84.08481351211667,73.31210203021764,82.29505200609564,71.62448054850101,0.9772574645866522,0.9980808083549871,0.9956208151637326,0.9886288401486034,0.9828132166337469,0.9806829153188356,0.9812060370910185,832.0365514180338,830.1080149010716,814.3215426228959,1.0211291772619848e+19,1.169838046716409e+19,-0.47425354133477926
23.0,0.9852868147965659,0.983,74.4090065203607,80.54725358188152,75.07298286184668,79.89695930033922,84.55456528738141,73.377163182199,82.76923541650176,71.6777999728918,0.9852868147965659,0.9978414054131992,0.9951063176318562,0.9875970521034872,0.9818841447605027,0.9801756587721522,0.9807049537673409,832.0202157032498,830.0927246696078,814.3160807705763,1.021129432309598e+19,1.1698373462307183e+19,0.22868147965658947
24.0,0.9791695136969326,0.984,74.03940989002585,80.46028501093387,74.6490650318563,79.80047773867845,84.63039406314492,72.90596700757742,82.66410177126527,71.1777999728918,0.9791695136969326,0.9976752257897397,0.9947806927029902,0.9872729860723269,0.9825921030312105,0.9830325873058577,0.9832727419073216,832.048118827983,830.0798722269938,814.3103000109243,1.021129619207786e+19,1.169836832739797e+19,-0.48304863030673717
25.0,0.9864956589429794,0.985,74.16456386372447,80.78962496221065,74.8418826751411,80.1111729696393,85.11598893180489,72.99374036043882,83.16045694723725,71.26082752943039,0.9864956589429794,0.9974554934021153,0.9943283822964123,0.9865155640896756,0.9820287793410484,0.9816320180778643,0.9821127320095427,832.0307055337045,830.0670630994795,814.3043638651743,1.0211298601274743e+19,1.1698361709294807e+19,0.14956589429794276
26.0,0.9825905456185005,0.986,73.83121177479624,80.73223560228944,74.46068444773555,80.0450568601489,85.21935345903039,72.5615563198924,83.09469892010092,70.76082752943039,0.9825905456185005,0.9973223339122735,0.9940967314722963,0.9865558872093456,0.9833078238494058,0.9852548087814671,0.9860551156186669,832.0675105396293,830.0567052715086,814.2983628520715,1.0211300197699146e+19,1.169835732148503e+19,-0.34094543814995326
27.0,0.9866020402161129,0.987,73.87031016796827,80.98844837322831,74.54365035817027,80.2857230708003,85.63135053887963,72.55003088265657,83.48171745166182,70.71805197298526,0.9866020402161129,0.9971371762964332,0.9937400376137829,0.9861343859580516,0.9831646640826296,0.9836325428075269,0.983235497418811,832.0538239982048,830.0468845656924,814.2924533189058,1.0211302314517303e+19,1.1698351504961882e+19,-0.039795978388712516
28.0,0.9859725797694153,0.988,73.65897143930196,81.0329952456057,74.31227469369769,80.32061415463686,85.83365204110741,72.25391947776079,83.5601170130074,70.31306231319904,0.9859725797694153,0.9970177233809128,0.9935509104196947,0.9863043560748509,0.9843734010915436,0.9867279299387517,0.988504369182907,832.0828719016039,830.0386640147218,814.2866755892396,1.021130381734957e+19,1.1698347373169525e+19,-0.20274202305846645
29.0,0.9874955359538371,0.989,73.59070537537336,81.19786072447896,74.25842446759343,80.47362830787897,86.15393360629677,72.11876070052385,83.81116101816296,70.11343467533588,0.9874955359538371,0.9968792277407951,0.9933169607787506,0.9862789308550604,0.9848334233226393,0.986328920270767,0.9863257770357968,832.0835840757888,830.0315741530858,814.2811386018016,1.0211305519099005e+19,1.1698342695059182e+19,-0.150446404616289
30.0,0.988787890435273,0.99,73.46249734908342,81.31160509511828,74.12820359244942,80.57757909148931,86.42289253249764,71.91461976915598,83.98623014166951,69.82626718580723,0.988787890435273,0.9967720388164006,0.9931633696399962,0.9865122885864117,0.9857947245349532,0.9879952066726468,0.9887104427875121,832.1005121150241,830.0255745413384,814.2758788068128,1.0211306934599434e+19,1.1698338802225238e+19,-0.12121095647269486
31.0,0.9744500622447533,0.9805,73.04499938637018,81.17687718495726,73.63220962062478,80.44017278701067,86.44581142738461,71.41461976915598,83.80230493023991,69.32626718580723,0.9744500622447533,0.9966033058405487,0.9928583452003649,0.9861605592083305,0.9850670068474734,0.9833774414216641,0.9805984026622366,832.0610412182416,830.0196711638025,814.2709340698232,1.0211308956692353e+19,1.1698333244186087e+19,-0.6049937755246759
32.0,0.9741889539264854,0.971,73.09646811261773,81.43053631410002,73.71579983010888,80.68436863571405,86.84951708391309,71.39933706372976,84.18033981993794,69.28357710242271,0.9741889539264854,0.9962927971657672,0.992207840630979,0.9846136082022484,0.9815840975937637,0.9748276821364412,0.9718547249295506,831.950177117245,830.0083521436277,814.2660417949146,1.0211312373093134e+19,1.1698323858691185e+19,0.31889539264854383
33.0,0.9593988841935847,0.9615,72.60278945341706,81.21836543008685,73.21579983010888,80.47635872215032,86.79128193035721,70.89933706372976,83.88195768669247,68.78357710242271,0.9593988841935847,0.9959521731388064,0.9914927687529393,0.982926782708703,0.9782109334245842,0.9694004523601587,0.9657226447493827,831.8590085435037,829.9926742470631,814.2607931457605,1.0211316116596294e+19,1.1698313574649418e+19,-0.21011158064153657
34.0,0.9518121881831128,0.952,72.56874818652868,81.38716854080558,73.18041058555245,80.64257677942514,87.10668521299958,70.7730157032609,84.13479880169034,68.6031743466854,0.9518121881831128,0.9954184095790678,0.9903123839627354,0.9797210777351507,0.9716156879863952,0.9569449746800358,0.9515989580693603,831.6824985708321,829.9689591433859,814.254788864312,1.0211321771519023e+19,1.1698298043461138e+19,-0.01878118168872067
35.0,0.9419824213202805,0.9425,72.33732674568891,81.38197490870952,72.89092179313302,80.64220116585493,87.24728365913033,70.4154836192727,84.13306014165282,68.13009845018387,0.9419824213202805,0.9948180120588742,0.9889874028021839,0.9762288004143853,0.9652187989918322,0.9493745955278569,0.9461443389861857,831.5345269503721,829.937396199148,814.2474833832857,1.021132813572927e+19,1.1698280564203743e+19,-0.05175786797194659
36.0,0.9309076511209305,0.933,72.17054698914289,81.4241736151278,72.6751170374453,80.69103416353464,87.43182214275002,70.12344473153352,84.19795776084065,67.7423282444477,0.9309076511209305,0.9940783054707283,0.987340639159403,0.9718445290692481,0.957414066559039,0.93857979415721,0.933690093521825,831.3543428041526,829.8979486833757,814.2384761026848,1.0211335920676874e+19,1.1698259184005347e+19,-0.20923488790695055
37.0,0.9237255830098334,0.9235,72.08154224902391,81.52408718243241,72.54878839030862,80.79948800355196,87.67011759355664,69.91137283593416,84.34409535601735,67.45834718942642,0.9237255830098334,0.9932289089925306,0.9854512771720743,0.9669125470532884,0.949203562596054,0.9291438811421205,0.9249695797313684,831.1756904146852,829.8501693018258,814.2273682681168,1.0211344857299753e+19,1.1698234641027178e+19,0.022558300983344104
38.0,0.9112378692895625,0.914,71.85378926545381,81.49998402148485,72.24213724508881,80.78980217427015,87.78327520862221,69.53472625762224,84.3085573606193,66.96654816269874,0.9112378692895625,0.9922815915723737,0.9833521212792758,0.9615744813715976,0.9408567677104663,0.9199401175377673,0.9156635197557237,831.0000672689525,829.7952238495782,814.2138648141569,1.0211354843853695e+19,1.1698207214289455e+19,-0.2762130710437516
39.0,0.9048158176127927,0.9045,71.82905769273638,81.63908019214868,72.18136116415262,80.9426954343915,88.05426617637276,69.37965586334467,84.5071814648807,66.75896854996681,0.9048158176127927,0.9912034610978239,0.980965881581401,0.9555888743274426,0.9317571279090785,0.9095725735538706,0.9048172776253341,830.8070746096809,829.7324558900763,814.1977294893768,1.0211366211869895e+19,1.1698175993586151e+19,0.0315817612792757
40.0,0.8923224121791556,0.895,71.59828007146716,81.5974245287478,71.8562088266015,80.92206851691007,88.1441503085196,68.98391928821802,84.44193310216069,66.25896854996681,0.8923224121791556,0.990046176611702,0.9784246035877914,0.9494499946689335,0.9230937052841645,0.9011080180237471,0.8972541733877517,830.6313769642184,829.663176462324,814.1787776907083,1.0211378475881544e+19,1.1698142311088654e+19,-0.2677587820844374
41.0,0.885568873823068,0.8855,71.58708080202341,81.7329364337027,71.79765431508422,81.07761343866586,88.40568684712052,68.82848420292139,84.6311753757298,66.0546961903572,0.885568873823068,0.9887550180592484,0.9755958985219582,0.9427011824936798,0.9136370244822813,0.8905130839749197,0.8856801108756895,830.4318758201714,829.5867975063661,814.1568928809218,1.0211392176338442e+19,1.1698104683216333e+19,0.0068873823068082984
42.0,0.8736948401434955,0.876,71.38580685406923,81.70107838064432,71.49461780413985,81.07272947877645,88.49929076358676,68.45044558793306,84.57591713890433,65.56863932609558,0.8736948401434955,0.9873876320776965,0.9726266017833324,0.9358855686330165,0.9047229342901124,0.8820801744132232,0.8782092232267399,830.2504602320612,829.5043785500922,814.1319761063698,1.0211406770388197e+19,1.1698064599628413e+19,-0.23051598565044795
43.0,0.8661731597563425,0.8665,71.36699481606483,81.81514818519354,71.4118407137692,81.2134949222207,88.73376165255904,68.27073290497064,84.72991688475012,65.33717784583568,0.8661731597563425,0.9858926230001908,0.9693920800247352,0.928564218777792,0.8951511202869056,0.8716252636405147,0.8669103510423242,830.0469687140329,829.4154864812565,814.1039848057205,1.0211422765687597e+19,1.16980206667622e+19,-0.0326840243657589
44.0,0.8553012562245125,0.857,71.20879365801811,81.80443300232291,71.14778817370534,81.23544716387987,88.84226243123412,67.92569946795702,84.70108930692076,64.89691362082958,0.8553012562245125,0.9843188710584174,0.9660171286440746,0.9211959728792548,0.8860541604851596,0.863020066317217,0.8590210638816238,829.8578431240115,829.320907825625,814.0728778448798,1.02114397037934e+19,1.1697974142601509e+19,-0.169874377548751
45.0,0.8467188059182303,0.8475,71.16783484742045,81.88480958268046,71.02265099361539,81.34945424944162,89.03760276660323,67.70531683713197,84.80213536247611,64.61735651195049,0.8467188059182303,0.9826276492218156,0.9624081896497914,0.9134462872016442,0.8764967083453098,0.8528499793727403,0.8482414517938726,829.6515155931817,829.2204408586465,814.0386599715613,1.0211457969657635e+19,1.1697923970369999e+19,-0.07811940817696872
46.0,0.8368947183069738,0.8380000000000001,71.06075330004096,81.90196241736412,70.80759850814938,81.40480780899524,89.16763056740164,67.40239035636186,84.80950094312429,64.23447212874889,0.8368947183069738,0.9808513091364855,0.9586487202036927,0.9056215950964583,0.8672349492478807,0.843921483921536,0.8397911315418154,829.4530307942077,829.1145178248638,814.0013283355081,1.0211477264021518e+19,1.1697870971150782e+19,-0.1105281693026261
47.0,0.827464122554656,0.8285,70.997141405195,81.94817076548934,70.63944337442517,81.49159629195928,89.32336550876498,67.14079278260469,84.85691315233707,63.90610724985599,0.827464122554656,0.9789702018012368,0.9546922632090911,0.8975517919719025,0.8577604131190832,0.8341546096835533,0.8296949535067665,829.2446502361562,829.0032249037237,813.9609134802939,1.0211497787525573e+19,1.16978145940336e+19,-0.10358774453440578
48.0,0.8182375566990644,0.8190000000000001,70.93132831081748,81.98489271774888,70.46110276058316,81.57222844213247,89.46675190255046,66.86887877732515,84.88847937732935,63.56644916832447,0.8182375566990644,0.9769970277212775,0.9505730895284054,0.8893622521575599,0.8483702334372658,0.8248657654383682,0.8206307323641802,829.0367490512915,828.8866978964033,813.9174407240906,1.0211519429930959e+19,1.1697755141322957e+19,-0.07624433009356668
49.0,0.8085308037163126,0.8095,70.8617282949388,82.01089956536889,70.27069095447659,81.64544824808836,89.59663833603263,66.58492242842912,84.90248679667711,63.213287475705144,0.8085308037163126,0.9749295948778667,0.9462879526938661,0.8810363343255825,0.8389661185399401,0.8154309641040001,0.8111172566821799,828.8253011222274,828.7651857568932,813.8709522114747,1.0211542223503733e+19,1.169769252422512e+19,-0.09691962836874124
50.0,0.7993479865681744,0.8,70.81627684384584,82.04960421770811,70.10299021676182,81.73416251987219,89.73606245145201,66.32045241743326,84.93280545175075,62.886800947785375,0.7993479865681744,0.9727672139423479,0.9418374363472408,0.8725735786948725,0.8295183460942157,0.8059256902620573,0.8016015617964539,828.6097214663072,828.6387185910767,813.821492675391,1.0211566186447038e+19,1.1697626692534401e+19,-0.06520134318256376
51.0,0.7891878394054546,0.79,70.74538464397192,82.05913696363568,69.89602624550461,81.79747075885534,89.84377255961299,66.01920339018106,84.91895175278187,62.5153492718935,0.7891878394054546,0.9705127718003469,0.9372308071105352,0.8640022686928502,0.8200649919756698,0.7963921164358506,0.7920197160131187,828.3910821938913,828.5074758313483,813.7691091779069,1.0211591302132552e+19,1.169755769164724e+19,-0.08121605945454746
52.0,0.7795388199166619,0.78,70.70834707394242,82.08926092758774,69.72366403713822,81.8840475037694,89.96874737665057,65.74812691956758,84.93289846107363,62.184254470467565,0.7795388199166619,0.9681584451772497,0.9324507957820651,0.8552576915010784,0.8104264129514008,0.7864203312210921,0.7818750732130344,828.164201053862,828.3713117785848,813.7138440192979,1.0211617657590049e+19,1.1697485282456996e+19,-0.04611800833381752
53.0,0.7695670843528913,0.77,70.65937128961086,82.10144295096397,69.52875616326928,81.95626677125692,90.0729885391891,65.45551257878542,84.91880083754658,61.827610346674916,0.7695670843528913,0.9657121254999742,0.927519169411486,0.8464156058658711,0.8007876953981115,0.7766856846647521,0.772236368299985,827.9354930577505,828.2303194312525,813.6557284959837,1.021164518844329e+19,1.1697409641395087e+19,-0.043291564710867814
54.0,0.7596454463552335,0.76,70.62525404915213,82.11822984293103,69.34473965242505,82.03614650219679,90.17872501835227,65.17165040522814,84.90931846499443,61.48401183187961,0.7596454463552335,0.963169773848796,0.9224278216665808,0.8374418861792808,0.7910407399026189,0.7667173837723232,0.7621702651548528,827.7012686315801,828.0845430812748,813.5947978541403,1.021167394494992e+19,1.1697330630281146e+19,-0.035455364476655316
55.0,0.7497904286974825,0.75,70.59670766741037,82.13177381008863,69.15999891534447,82.11603674590587,90.27820269688964,64.88605051785707,84.893061927706,61.14008558094501,0.7497904286974825,0.960534905699076,0.9171874344212911,0.8283709470649316,0.7812635346211597,0.7568362422488076,0.7523300026209667,827.4642563791472,827.9340533877083,813.5310846431303,1.0211703904713599e+19,1.1697248310331798e+19,-0.020957130251753053
56.0,0.7398296872045247,0.74,70.57157126739621,82.14028254821896,68.97186269536614,82.19417127519846,90.36967042014003,64.59630256444215,84.86745197623968,60.792751285433766,0.7398296872045247,0.9578082902493437,0.9118016661196453,0.819209803444405,0.7714545359256518,0.7469375222596667,0.7424221814377318,827.2241407413052,827.7789792948354,813.4646257399688,1.0211735071460385e+19,1.169716267107495e+19,-0.017031279547530254
57.0,0.7299598467585547,0.73,70.55649334862828,82.14933377057314,68.78861633613705,82.27600169479847,90.4586206369102,64.30992704182863,84.840562286973,60.45158699452877,0.7299598467585547,0.9549904559871462,0.9062735076117769,0.8099630361031221,0.7616100882575926,0.7370111414996927,0.7324862050658739,826.9807570233279,827.6194090801985,813.3954609140625,1.021176745119783e+19,1.169707369577651e+19,-0.004015324144523991
58.0,0.7200461189752267,0.72,70.54479189887643,82.15331593826413,68.60193452909589,82.35603962391615,90.53952849581837,64.01939993649721,84.80427147001028,60.10699591338634,0.7200461189752267,0.9520835240080584,0.900609794688911,0.8006483038878053,0.7517593839913952,0.7271272066497695,0.7226203874383764,826.7349469678538,827.4554684053445,813.3236323642003,1.0211801034416738e+19,1.1696981410289803e+19,0.004611897522677211
59.0,0.7101491333129539,0.71,70.54059438332915,82.15570706799626,68.41697544530034,82.43767573982477,90.61582749262452,63.72940554767847,84.76362323313951,59.76494002640247,0.7101491333129539,0.9490879559344634,0.8948131220290377,0.7912673355198756,0.7418903417016707,0.7172170280879685,0.7126995385191218,826.4862047937942,827.2872666945543,813.2491857490243,1.0211835827431692e+19,1.1696885797041783e+19,0.014913331295396404
60.0,0.7002627805484165,0.7,70.54217939004302,82.15506151244044,68.23159681931138,82.51949414908886,90.68609519973397,63.43802073150873,84.71652573645115,59.422960463166234,0.7002627805484165,0.9460052844970347,0.888888662950721,0.7818309602684052,0.7320165940358015,0.7073255391755223,0.7028166402147146,826.2349495761131,827.1149126272355,813.1721683533648,1.0211871826128146e+19,1.1696786867082695e+19,0.02627805484165524
61.0,0.6903683726619143,0.69,70.5494149133563,82.15127928107977,68.04564686790108,82.60138900130987,90.75024011656642,63.14512237459421,84.66284116655588,59.08089173138141,0.6903683726619143,0.9428365819861431,0.8828403379062508,0.7723449795146524,0.7221386599723136,0.6974351624392732,0.6929269809163829,825.9811410506936,826.9385170676283,813.092629388175,1.0211909030658613e+19,1.1696684619753837e+19,0.036837266191436235
62.0,0.6804866651402269,0.6799999999999999,70.5629590332508,82.1449205905199,67.85995570495724,82.6839016482234,90.80881883129477,62.851478214561936,84.60338472127914,58.73970377743244,0.6804866651402269,0.9395829147240211,0.8766719655421774,0.7628146616472623,0.712257338290366,0.6875453058552189,0.683037737506016,825.7247997685976,826.7581815122547,813.0106192182166,1.0211947441107642e+19,1.1696579054584185e+19,0.04866651402269939
63.0,0.6706045400218765,0.6699999999999999,70.58204772435128,82.13535293117165,67.67358217313885,82.76640703082084,90.86121389195323,62.55625193864107,84.53724535107612,58.398321869969365,0.6706045400218765,0.9362455008454907,0.8703876522822367,0.7532461022422628,0.7023765132939604,0.677663397476278,0.6731595165576241,825.4660546372378,826.5740077783277,812.9261888740773,1.0211987055956623e+19,1.1696470175503933e+19,0.06045400218765984
64.0,0.6607265063079903,0.66,70.60700815096497,82.12286264002323,67.48694736436009,82.84917721450329,90.9077137850225,62.25984093099832,84.46484298557043,58.0572433501482,0.6607265063079903,0.9328253768581765,0.8639909660635385,0.7436433018027435,0.692495605875722,0.6677822869357813,0.6632790140620676,825.2048979518872,826.3860931000029,812.8393898529355,1.0212027875298214e+19,1.169635798202267e+19,0.07265063079903156
65.0,0.6508529829488318,0.65,70.63765973336994,82.1073092661798,67.2998391456902,82.93206742703914,90.94818624779582,61.96206962615251,84.38597899228334,57.716235134005544,0.6508529829488318,0.9293236605067225,0.8574855964385141,0.7340106383429323,0.6826161747590842,0.6579058116417218,0.6534047747210383,824.9414087168101,826.1945313601461,812.750273677197,1.0212069898312206e+19,1.1696242476156584e+19,0.08529829488317375
66.0,0.6409821140536772,0.64,70.67390323914587,82.08862266242504,67.1121484555304,83.01500086784363,90.98256903812289,61.662855859100816,84.30055700540542,57.37518295943737,0.6409821140536772,0.9257414273520067,0.850875048201304,0.7243517645253764,0.67273874924927,0.6480329568872142,0.6435337125856274,824.6756343067719,825.999414184292,812.6588917170519,1.021211312445011e+19,1.1696123659177583e+19,0.09821140536772077
67.0,0.6311154279529014,0.63,70.71573672182858,82.06681506261229,66.92388806417584,83.09798103123903,91.01088115498423,61.36222806125879,84.20859984606504,57.03411329090595,0.6311154279529014,0.9220797331511145,0.8441627014613645,0.7146698821632881,0.6628636070246677,0.638163364098354,0.6336657453917383,824.407621074145,825.8008300081532,812.5652949876129,1.0212157553224454e+19,1.169600153219146e+19,0.11154279529014266
68.0,0.621252339966387,0.62,70.76304252184927,82.04180267751217,66.73492752686143,83.18091722875833,91.03304743692279,61.06008517295122,84.10999144911766,56.69288733899593,0.621252339966387,0.9183396359986151,0.837351869403424,0.7049679766484657,0.6529912718198725,0.628297755645499,0.62380207117703,824.1374267702867,825.5988649511962,812.4695339858421,1.0212203183996273e+19,1.1695876096721146e+19,0.12523399663869617
69.0,0.611393014840934,0.61,70.81576491631567,82.01355489268899,66.54521458521485,83.2637703076005,91.04904547259211,60.75639706403017,84.0046929076314,56.35145655572414,0.611393014840934,0.9145221710734206,0.830445738141954,0.6952486241693641,0.6431219287081346,0.6184357655747152,0.6139418589066445,823.8650997699528,825.3936027669225,812.3716585896049,1.0212250016219533e+19,1.1695747354035892e+19,0.13930148409340148
70.0,0.6015377198288595,0.6,70.87382749207318,81.98202458322048,66.3546718724072,83.34648474603891,91.05883679464459,60.45111119300127,83.89264133870601,56.00974357426166,0.6015377198288595,0.9106283658883235,0.8234474076541499,0.6855141659001618,0.6332558292710025,0.608577650556259,0.6040856315265771,823.5906925222179,825.1851249495305,812.2717179628111,1.0212298049296302e+19,1.1695615305548761e+19,0.15377198288595295
71.0,0.5999110844159451,0.6,71.21096760518849,82.18151857256889,66.5078741826117,83.65743633657694,91.29342535808682,60.45934251993894,84.11050778925419,56.067856806516644,0.5999110844159451,0.9066988719655034,0.8164582534963323,0.6761177588748178,0.6242848683428011,0.6017565217367415,0.5990352730539211,823.342915256418,824.974149862606,812.1697722483624,1.0212346900021516e+19,1.1695481002681043e+19,-0.008891558405488276
72.0,0.5990348188499712,0.6,71.42033963389694,82.27074338048696,66.4982880719006,83.8624837949872,91.41744356527924,60.32136711031198,84.16568738147616,55.939940604567525,0.5990348188499712,0.9028185624521121,0.8096863095043887,0.667747264747237,0.6177082970008662,0.6001503485671499,0.5995925682767218,823.1604385443161,824.7642412906896,812.0660445313076,1.0212395750285457e+19,1.1695346690501597e+19,-0.09651811500287488
73.0,0.5981382204606795,0.6,71.63881482668221,82.36593917310238,66.49785265251994,84.0744271531701,91.54621758237481,60.19232604950666,84.227693862468,55.82363774180412,0.5981382204606795,0.8989727297918672,0.8030899175258731,0.6601672045299966,0.6125807002946911,0.5988689505745374,0.5983847735869628,823.0036469473813,824.5578118238748,811.960981789303,1.0212444736282665e+19,1.1695211995244773e+19,-0.18617795393204295
74.0,0.5985732395087253,0.6,71.88286948688328,82.48094795197248,66.52717535123229,84.30673518329858,91.6934427537024,60.09079535603523,84.31673718169331,55.74262273609638,0.5985732395087253,0.8951713780864199,0.796689468214864,0.6533828125037693,0.6087450358515455,0.5984162972126189,0.5983207012276828,822.867779579186,824.3558987314691,811.8550852358602,1.0212493757133748e+19,1.1695077193730157e+19,-0.1426760491274659
75.0,0.5987758420970161,0.6,72.08660139627754,82.56058382540941,66.50424588769674,84.50537161082029,91.80489789620042,59.94238902926445,84.35309690162539,55.60209350585937,0.5987758420970161,0.8914248360529595,0.7905056841990338,0.6473998794374742,0.6060761856593572,0.5986915340413007,0.598846443140406,822.7495689635823,824.1594010270588,811.7488597446616,1.0212542707224054e+19,1.1694942575796886e+19,-0.12241579029839134
76.0,0.5989125239787939,0.6,72.28981966264546,82.63851590007543,66.47889548838138,84.70313216298818,91.91385168507695,59.79220524728298,84.38562646433711,55.459507304430005,0.5989125239787939,0.8877266291341189,0.7845175121702754,0.6420806546641118,0.6041409212090043,0.5988101274778426,0.5988857347119725,822.6373742117719,823.968564582205,811.6427842267544,1.0212591642541074e+19,1.1694807987809642e+19,-0.10874760212060686
77.0,0.5992431113419229,0.6,72.49094185717404,82.71339781880378,66.44912285283208,84.89872310608625,92.01895362064242,59.63846360445022,84.41232473514974,55.31259508728981,0.5992431113419229,0.8840780794824523,0.7787236322493691,0.637369448639983,0.6027858220484261,0.5990291432303424,0.5991540386715613,822.5300084586775,823.7833072524835,811.5372714422359,1.0212640544409584e+19,1.1694673481020815e+19,-0.07568886580771039
78.0,0.5994229536075059,0.6,72.67918722815811,82.77623058408498,66.40152039676904,85.0833351418376,92.11135829910636,59.46902762651443,84.420157700032,55.145886707305905,0.5994229536075059,0.8804793879302799,0.7731200051601371,0.6332065222775801,0.6018710485158424,0.5992933157993353,0.5994157207957811,822.4260357392557,823.6035081997734,811.4326678970904,1.0212689404769253e+19,1.1694539077557043e+19,-0.05770463924941183
79.0,0.5995660098816249,0.6,72.8662070531398,82.83684930130839,66.35064407736063,85.26656952053308,92.20076029673218,59.297099101543424,84.42334847263992,54.97620214819908,0.5995660098816249,0.8769278591510992,0.7676955883123203,0.6295140397717003,0.6012360105377246,0.5994551018064006,0.5995333875561136,822.3231286158577,823.4289136772727,811.3292564052272,1.0212738243628063e+19,1.169440472251791e+19,-0.04339901183750827
80.0,0.5997261429513961,0.6,73.05070722587406,82.89416376054287,66.29486662819981,85.44737341552973,92.28607167974114,59.12122793793678,84.4202825140208,54.80169290602207,0.5997261429513961,0.8734231740027126,0.7624454701172905,0.6262429257217023,0.6008121458090817,0.5996128316389657,0.5996899783265544,822.2215998015978,823.2592518418023,811.2272583023936,1.0212787058313767e+19,1.1694270423240305e+19,-0.027385704860383164
81.0,0.5998234829353607,0.6,73.23115468509495,82.94690748602152,66.23228622153401,85.62450722903013,92.36604692712426,58.939704063534734,84.40911193303764,54.62017797231674,0.5998234829353607,0.8699645138774493,0.7573636413133825,0.6233449912810243,0.6005376876520626,0.599749269580603,0.5998107278150754,822.1213316249327,823.0942809254307,811.1268439046504,1.0212835851010849e+19,1.1694136173733798e+19,-0.017651706463928107
82.0,0.5999050460157761,0.6,73.41106904037296,82.99805101305246,66.16729672923684,85.80087412446737,92.44361037686467,58.75652063190937,84.39412244148552,54.4367447078228,0.5999050460157761,0.8665505894428791,0.7524430976660571,0.6207732783603811,0.6003580627150555,0.5998424056038548,0.5998860963341589,822.0220669551088,822.933757822573,811.0281406272409,1.0212884628576678e+19,1.169400195518376e+19,-0.00949539842238778
83.0,0.5999813349027113,0.6,73.58994547016918,83.04717301875353,66.09926602914929,85.97606627196073,92.51834248676896,58.57111735939979,84.37468868978321,54.250678586959836,0.5999813349027113,0.8631808348457497,0.7476787998068154,0.6184920628773013,0.6002479765309937,0.5999256653980302,0.5999648207141831,821.9241515463818,822.7774661823313,810.9312398686913,1.021293339101775e+19,1.1693867767574794e+19,-0.00186650972886504
84.0,0.6000338475010668,0.6,73.76775764413178,83.09426138848066,66.02816624119878,86.15007087141275,92.59023205116391,58.38347699046135,84.35078589357435,54.06195678114891,0.6000338475010668,0.8598545038198193,0.7430654008077949,0.616467881839744,0.6001847447240906,0.5999937229878429,0.6000244221720229,821.8276778306857,822.6252178615663,810.8362045777501,1.021298214015253e+19,1.169373360591916e+19,0.003384750106683043
85.0,0.6000795243305707,0.6,73.94559696801007,83.1402396030724,65.95536134317517,86.32379017323255,92.66018837615847,58.194842654466626,84.32374445460736,53.872162866592404,0.6000795243305707,0.8565708033430078,0.7385975836836033,0.6146704842898316,0.6001507969372601,0.6000449729976294,0.6000688395094981,821.7326972460983,822.4768401080582,810.7430748575421,1.0213030878347815e+19,1.1693599463723985e+19,0.007952433057067942
86.0,0.6001200892534112,0.6,74.12332371361553,83.18499424606561,65.88067871257662,86.4971135661006,92.72809927091002,58.00506455004215,84.29339479021728,53.68110557198524,0.6001200892534112,0.8533291610568461,0.7342707174060633,0.6130747424062768,0.6001376047458249,0.600090184435626,0.6001111700409445,821.6393803642969,822.3321806491624,810.6518725574527,1.0213079605929159e+19,1.1693465340097552e+19,0.012008925341122634
87.0,0.6001515721315749,0.6,74.30107270665467,83.22864452674985,65.80429039821028,86.67015625089407,92.79408335611224,57.81430356502533,84.25990699343383,53.48898946046829,0.6001515721315749,0.850128948627798,0.7300801591359013,0.6116577279491552,0.6001375490267512,0.6001278141361466,0.6001449530095533,821.5477845578687,822.191104016007,810.5626053870487,1.0213128323833278e+19,1.1693331232470977e+19,0.015157213157490634
88.0,0.6001796908133441,0.6,74.47919983156025,83.27149388492107,65.72664337530732,86.84321364313364,92.8584404207766,57.62296921312809,84.22371848784387,53.296336102485654,0.6001796908133441,0.8469695521813863,0.7260214276751241,0.6103990895524474,0.6001452497112459,0.6001586989624461,0.6001730389488111,821.4579500439538,822.0534862955088,810.4752699700142,1.0213177032934971e+19,1.1693197138445101e+19,0.01796908133441244
89.0,0.6002048077937531,0.6,74.65769964940846,83.31354154199362,65.64773387387395,87.01628389507532,92.92117073312401,57.431062164902684,84.18482703082263,53.10314606428146,0.6002048077937531,0.8438504280699383,0.7220903359490465,0.6092812407647614,0.6001580477629163,0.600186280118639,0.600199037362477,821.3699330870818,821.9192152937223,810.389854309673,1.0213225733503545e+19,1.1693063057282177e+19,0.020480779375309233
90.0,0.6002260655331886,0.6,74.83666211850941,83.3548672042787,65.56767763867974,87.18944328576326,92.98235437944531,57.23869076669216,84.14334800951183,52.90955715179443,0.6002260655331886,0.8407710210263234,0.7182827819393199,0.6082883601211374,0.6001735973658993,0.6002102224290096,0.6002211984210383,821.2837452650459,821.7881881102837,810.3063398435506,1.0213274425987148e+19,1.1692928987753667e+19,0.02260655331886019
91.0,0.6002455185555643,0.6,75.01622856147587,83.3955931134522,65.48665424361825,87.36280975788831,93.04211322516203,57.04602089822292,84.09945872537791,52.715780574083325,0.6002455185555643,0.8377307901091612,0.7145948099876857,0.6074064250676229,0.6001903535851573,0.6002311262887726,0.6002408049176948,821.199389143472,821.6603088989247,810.2247029888226,1.021332311076352e+19,1.1692794928824136e+19,0.02455185555643169
92.0,0.600263178089866,0.6,75.19641653187573,83.4357373856008,65.4046890206635,87.5363993898034,93.10046675726771,56.853078457713124,84.05318626873195,52.52184912860393,0.600263178089866,0.8347292216911927,0.711022638523966,0.6066231242688981,0.6002076030360773,0.6002501744414123,0.600258954029629,821.1168668419621,821.5354883988563,810.1449163795911,1.0213371788011876e+19,1.1692660880002875e+19,0.026317808986597857
93.0,0.6002790151386316,0.6,75.37728782482445,83.47535506561398,65.32186236158013,87.71026426106691,93.15747090354562,56.65993891954422,84.00461156032979,52.32785886824131,0.6002790151386316,0.8317658026759231,0.7075625893882588,0.6059274431846815,0.600224697384238,0.6002673097962222,0.6002751798504069,821.0361626821979,821.4136426621045,810.0669498679205,1.0213420457969123e+19,1.1692526840640823e+19,0.027901513863159977
94.0,0.6002937729832332,0.6,75.55890402682125,83.51450086310506,65.23825445696711,87.88445609360933,93.21318130865693,56.46667746007442,83.95381531231105,52.13390544354915,0.6002937729832332,0.8288400320291389,0.7042111131545148,0.6053096226761712,0.6002412845108143,0.600282914212108,0.6002901060125808,820.9572578286013,821.2946921129922,809.9907712855982,1.0213469120818258e+19,1.169239281023681e+19,0.0293772983233187
95.0,0.6003074836825836,0.6,75.74128908403218,83.55319775938987,65.15389859601855,88.0589955702424,93.26762242913246,56.2733265787363,83.90083260200917,51.9400301605463,0.6003074836825836,0.8259514217221866,0.7009647877430973,0.6047610295944845,0.6002572425810034,0.6002974158732983,0.6003040772790973,820.8801310689582,821.1785611543145,809.9163470530789,1.0213517776677575e+19,1.1692258788467192e+19,0.030748368258359804
96.0,0.6003201953734926,0.6,75.92447923608124,83.59147883504629,65.0688432522118,88.23391320854425,93.32082868665456,56.079932394623754,83.84571327380836,51.74629168510437,0.6003201953734926,0.8230994886264914,0.6978202948528758,0.6042739653898892,0.6002724558433317,0.6003108495603219,0.6003170044335558,820.8047545843281,821.0651775423709,809.8436426635143,1.0213566425677636e+19,1.1692124774974628e+19,0.03201953734925933
97.0,0.6003321664978335,0.6,76.10850742943585,83.62937439531088,64.98313298001885,88.40923676937818,93.37283182442188,55.88653728663921,83.78850345425307,51.55274397432804,0.6003321664978335,0.8202837580666316,0.6947744256621022,0.603841595219935,0.6002868904483947,0.6003233806922696,0.6003291215380743,820.7310989831122,820.9544719353269,809.7726230532559,1.0213615067926303e+19,1.1691990769464048e+19,0.033216649783351926
98.0,0.6003435706798019,0.6,76.29339860863983,83.666907838732,64.89680219367146,88.58498730808496,93.42365676835179,55.6931744992733,83.7292392861098,51.35942928791046,0.6003435706798019,0.8175037643735173,0.691824079025049,0.6034578587960859,0.6003005845773333,0.6003352214748526,0.6003406433911048,820.65913414246,820.8463776440119,809.7032528947573,1.0213663703502313e+19,1.1691856771720292e+19,0.03435706798019522
99.0,0.6003543187009064,0.6,76.47916825599968,83.70409449115395,64.80987352058291,88.76117790788412,93.47332055047154,55.49986636936664,83.66794548295438,51.166376057267186,0.6003543187009064,0.8147590484408184,0.6889662523408161,0.6031173651976882,0.6003135787599823,0.6003464420143676,0.6003515577004473,820.5888279113849,820.740830366498,809.6354968287517,1.0213712332477809e+19,1.169172278154628e+19,0.03543187009064086
100.0,0.600364639042701,0.6,76.66584437079727,83.74096015766263,64.7223851673305,88.93783191889524,93.52185049951076,55.30664936006069,83.60466196499765,50.97363066971302,0.600364639042701,0.812049156939279,0.6861980367673545,0.6028153140363497,0.6003259043838991,0.6003570869388112,0.6003619458011515,820.5201468418621,820.6377678988632,809.5693196409973,1.0213760954925214e+19,1.1691588798744136e+19,0.03646390427010093
101.0,0.6003746021413211,0.6,76.85343955941498,83.77751761600375,64.63435618504882,89.11495993584394,93.56926116645336,55.113542440533635,83.53940997384488,50.781217250227925,0.6003746021413211,0.8093736452153947,0.6835166216121595,0.6025474560433186,0.6003376455419757,0.6003673270637866,0.6003719942221442,820.4530585774914,820.5371300328321,809.5046863987204,1.021380957088841e+19,1.16914548231943e+19,0.03746021413211231
102.0,0.60038416878213,0.6,77.04196689017117,83.81377997174859,64.54580618366599,89.29257286638021,93.61556740030646,54.92056505680084,83.47221127264201,50.589160594344136,0.60038416878213,0.8067320739388044,0.6809192832540861,0.6023100046829801,0.6003488569176735,0.600377178667549,0.6003816559917249,820.3875294657348,820.4388583940382,809.4415625591142,1.0213858180414132e+19,1.169132085476937e+19,0.038416878212998995
103.0,0.6003934428254482,0.6,77.23144248612225,83.84976285248995,64.45675857290625,89.4706840917468,93.66078659817576,54.72774005234241,83.40309134982526,50.39748975932598,0.6003934428254482,0.8041240095671456,0.6784033837505721,0.6020995903145161,0.6003595845240304,0.6003866722903577,0.6003909859026649,820.3235257759958,820.3428962750872,809.3799140482494,1.021390678354686e+19,1.169118689334813e+19,0.03934428254481759
104.0,0.6004025172074857,0.6,77.42187789566815,83.88547793328762,64.36723101064563,89.64930305927992,93.70493221953511,54.5350849956274,83.33207009844482,50.206227141618726,0.6004025172074857,0.8015490255787953,0.6759663713806724,0.6019132256932717,0.6003698945448424,0.6003959056597513,0.600400100509978,820.2610147352513,820.2491885686785,809.3197073200927,1.0213955380316144e+19,1.1691052938850318e+19,0.04025172074857419
105.0,0.6004113136014918,0.6,77.61327878125012,83.92093196809292,64.2772339053452,89.82843446284532,93.74801293686032,54.34261080920696,83.2591603782028,50.01538661420345,0.6004113136014918,0.7990067010472833,0.6736057746392705,0.6017482523576678,0.6003798386399347,0.6004049002830322,0.60040897291488,820.1999634256725,820.1576816875531,809.260909402282,1.0214003970749534e+19,1.1690918991201149e+19,0.041131360149182505
106.0,0.6004199916782431,0.6,77.80566061027348,83.95613983571529,64.18678980246186,90.00809092372656,93.79004540219903,54.15033942759037,83.18438682816922,49.82499613165855,0.6004199916782431,0.796496620239207,0.6713191989329778,0.6016023021486553,0.6003894536500728,0.6004136756185099,0.6004176569022192,820.140339072142,820.068323444851,809.2034879269287,1.0214052554875843e+19,1.1690785050322379e+19,0.04199916782431368
107.0,0.6004285054874114,0.6,77.99902511127293,83.99110484048724,64.09590409621596,90.18827370852232,93.83103486075997,53.95827713906765,83.10775739066302,49.63506372570991,0.6004285054874114,0.7940183742999004,0.6691043284824963,0.6014732801397942,0.600398799404846,0.6004223135559493,0.6004262221010951,820.0821101906365,819.9810630409022,809.1474111519705,1.0214101132708129e+19,1.169065111617898e+19,0.0428505487411468
108.0,0.6004368863223143,0.6,78.1933818358928,84.02583695873618,64.00459214225411,90.36899059563875,93.87099321857094,53.766439262032506,83.02928978316486,49.445608887076375,0.6004368863223143,0.7915715586710097,0.6669589177079582,0.6013593133899315,0.600407901956047,0.6004307909170463,0.600434625858426,820.0252448177135,819.8958509677091,809.0926479761227,1.0214149704267897e+19,1.1690517188712755e+19,0.04368863223143116
109.0,0.6004452351388789,0.6,78.3887380708009,84.06034404337406,63.912866196781394,90.55024733692407,93.90993016138673,53.57483831346035,82.94899855665862,49.25664756000042,0.6004452351388789,0.7891557750703442,0.6648807940620968,0.6012587442253599,0.6004168053872047,0.6004391763063305,0.6004429738784837,819.9697123093825,819.8126389665844,809.0391679451313,1.0214198269565401e+19,1.1690383267896365e+19,0.044523513887895216
110.0,0.6004534977969265,0.6,78.58509517200291,84.09462902620434,63.82073130384087,90.73204484134912,93.94785066619515,53.383480104804036,82.8668913628906,49.06818722486496,0.6004534977969265,0.7867706307402862,0.6628678540759804,0.6011701006290673,0.6004255513127584,0.6004475022463839,0.6004512649025128,819.9154825202802,819.7313800085785,808.9869412558787,1.0214246828606126e+19,1.1690249353715558e+19,0.04534977969264942
111.0,0.6004616944570157,0.6,78.78245942778885,84.12869895920157,63.72819856479764,90.91438799649477,93.98476371094584,53.19237606525421,82.78298174701631,48.880242395401,0.6004616944570157,0.7844157372578995,0.660918058444398,0.6010920664303577,0.6004341574742287,0.6004557466522136,0.6004594716897683,819.8625252492997,819.6520282121164,808.935938755642,1.0214295381401657e+19,1.1690115446139335e+19,0.046169445701571554
112.0,0.6004698623992901,0.6,78.98083441443741,84.16255867406726,63.63527585491538,91.09727951437235,94.02067612037062,53.001534569263455,82.69728019200265,48.69282377064228,0.6004698623992901,0.7820907117261515,0.6590294330975122,0.6010234749638395,0.6004426499761416,0.6004639415576133,0.6004676443907344,819.8108113272607,819.5745388114362,808.886131936571,1.0214343927957623e+19,1.1689981545153063e+19,0.046986239929014406
113.0,0.6004780329878616,0.6,79.18022375293076,84.19621287211775,63.541970915347335,91.28072204738855,94.05559457764029,52.81096388697624,82.60979689024389,48.50594190061092,0.6004780329878616,0.7797951764524161,0.6572000665400266,0.6009632905001466,0.6004510556336977,0.6004721163008458,0.6004758110791701,819.7603122740012,819.4988681356198,808.8374929294968,1.0214392468276107e+19,1.1689847650751805e+19,0.047803298786164294
114.0,0.600486166679355,0.6,79.3806279797107,84.22966371402144,63.44828774705529,91.46471571475267,94.08952326998114,52.62066884636879,82.5205384876579,48.319602999091146,0.600486166679355,0.7775287585872248,0.6554281071624962,0.6009105912792655,0.6004593950703077,0.6004802759158018,0.6004839585037842,819.7110000561808,819.4249735752549,808.7899944964686,1.021444100235852e+19,1.168971376293249e+19,0.048616667935497127
115.0,0.6004943669167772,0.6,79.58205344267189,84.26291827782988,63.354237645119426,91.64926540404558,94.12247126474976,52.430660906434056,82.42951877526939,48.1338216394186,0.6004943669167772,0.7752910900383803,0.6537117613205554,0.6008645570266925,0.6004676853524272,0.6004884374228661,0.6004921293345854,819.6628472418652,819.3528135356642,808.7436100210147,1.0214489530205856e+19,1.1689579881693182e+19,0.0494366916777178
116.0,0.6005025578788289,0.6,79.78449666984379,84.2959753267467,63.259819603711364,91.83436792641878,94.15443941876292,52.24094030559063,82.33673948906362,47.94859816431999,0.6005025578788289,0.773081808155628,0.6520492933478671,0.6008244639660166,0.6004759543816797,0.6004966351292744,0.6005003347650526,819.615827347654,819.2823474405592,808.6983134982603,1.021453805181144e+19,1.168944600705298e+19,0.05025578788289131
117.0,0.6005107922542388,0.6,79.98796308524906,84.32884113416075,63.16504378542304,92.02002736479044,94.18543600216508,52.05151740014553,82.24221335463226,47.763945806026456,0.6005107922542388,0.7709005540263072,0.6504390197188938,0.6007896603983555,0.6004842056888864,0.6005048400019396,0.6005085478756776,819.5699137696963,819.2135356661247,808.6540795243393,1.0214586567176813e+19,1.168931213900846e+19,0.05107922542387788
118.0,0.6005190753642546,0.6,80.19245176501572,84.36151654943824,63.06991231366992,92.20624257177114,94.21546392813325,51.86239527463913,82.14594515524804,47.579868513345716,0.6005190753642546,0.7687469741846834,0.648879311751523,0.6007595738335857,0.6004924606998897,0.6005130935067481,0.600516822272687,819.5250811505025,819.1463395361894,808.6108832838308,1.0214635076294689e+19,1.1689178277580405e+19,0.051907536425466194
119.0,0.6005273868938469,0.6,80.39796333499253,84.39400375932455,62.974429345875976,92.39301363676786,94.24452744349837,51.67357878684997,82.0479417156428,47.39637251496315,0.6005273868938469,0.766620719282155,0.647368590779004,0.6007336914288098,0.6005007275813501,0.60052138359986,0.6005251271893683,819.4813042876252,819.0807212939844,808.5687005385978,1.0214683579161174e+19,1.168904442278029e+19,0.052738689384690396
120.0,0.600535729117538,0.6,80.60449836142361,84.42630491703748,62.87859897240996,92.58034064918756,94.27263079509139,51.48507273495197,81.94820984564721,47.21346395015716,0.600535729117538,0.7645214443064363,0.6459053272597862,0.6007115558436544,0.6005090107835316,0.6005297043851155,0.6005334614651633,819.4385585103809,819.0166440654885,808.5275076150963,1.0214732075773147e+19,1.1688910574617477e+19,0.05357291175380752
121.0,0.6048571143982859,0.605,80.9486714053899,84.57542205899954,62.95445617958903,92.88223590999841,94.41514746770262,51.45422227978706,82.01489061973989,47.230913299322125,0.6048571143982859,0.7624692021349488,0.6445386544096512,0.6008734194209387,0.6009763043876478,0.6020986636729528,0.602939338942109,819.4115752915045,818.9543996325651,808.4872873276273,1.0214780369226142e+19,1.1688777273326619e+19,-0.014288560171404896
122.0,0.6096930423823761,0.61,81.21777526028454,84.66280087381601,62.93703545555472,93.12395052164793,94.49657592847943,51.340511474013326,81.9901980470866,47.142259272933,0.6096930423823761,0.7605092280944171,0.6433786593649709,0.6015929279922694,0.6027256953813819,0.6065048497906469,0.608575631159982,819.4217948508963,818.8958009191321,808.4481089424256,1.0214828015382823e+19,1.168864573752023e+19,-0.030695761762389306
123.0,0.6140948477656532,0.615,81.47756740935147,84.74443749636411,62.909067685902116,93.35976109951734,94.57253571525216,51.21857592761516,81.95584688447416,47.04256926774978,0.6140948477656532,0.7586310382340474,0.6423958001572413,0.6027272374414174,0.6052101851637807,0.6109504218453232,0.6129897837984956,819.4465527588733,818.8420521837808,808.4101627850783,1.0214875104376363e+19,1.1688515720028035e+19,-0.09051522343468399
124.0,0.6194358718819742,0.62,81.7600370991975,84.84719273000955,62.91045843362808,93.61590264290571,94.66949026957154,51.12454341650009,81.95077379159629,46.97788394540548,0.6194358718819742,0.7568365228651696,0.6415918386308672,0.6042575568559284,0.6083043063903824,0.6156983081411967,0.6179337833199888,819.4823386769833,818.7934996252719,808.3736628981043,1.0214921608129214e+19,1.1688387297986474e+19,-0.05641281180257529
125.0,0.6246212779000307,0.625,82.00993590541184,84.92469305098057,62.87234768941998,93.84703152924776,94.74180918857455,50.99598437845707,81.90789747349918,46.86865495443344,0.6246212779000307,0.7551335621590191,0.6409832235756652,0.6062169306958749,0.6120268479641713,0.6209625708744222,0.6233803027846929,819.5302055975509,818.7505598218122,808.3388215100342,1.0214967440025414e+19,1.168826070915075e+19,-0.03787220999692531
126.0,0.6295853089620578,0.63,82.25490083284676,85.00033833384514,62.82934907004237,94.07593364566564,94.81262034103274,50.86422570347786,81.86117105297744,46.754793512821195,0.6295853089620578,0.753515454518486,0.6405501440497894,0.6085102543733627,0.6160921169037706,0.6260155765402168,0.6283212945280511,819.5819191031654,818.7132850901967,808.3058414471194,1.0215012653800331e+19,1.1688135806219145e+19,-0.04146910379422275
127.0,0.6348077210730156,0.635,82.50254948921501,85.08049074858427,62.79092038348317,94.30885524600744,94.8881560780108,50.73786254525184,81.81975150965154,46.647257316112515,0.6348077210730156,0.751981714319153,0.6402885905442464,0.6111064924894447,0.6204241228058098,0.6310929677837491,0.6334279199785762,819.6371961867053,818.6814990452264,808.2748884156309,1.021505724389451e+19,1.168801260456092e+19,-0.019227892698436833
128.0,0.6398940919924386,0.64,82.73559901602566,85.15065092891454,62.73551795184612,94.53162580281496,94.9541405506432,50.59737803339958,81.76263802610337,46.52117893397808,0.6398940919924386,0.7505333012977006,0.6401981929454258,0.6139896560897262,0.6249918152829006,0.6362646291790738,0.6386239580544198,819.6965268150975,818.6550972204151,808.2460938324443,1.0215101190702543e+19,1.1687891158085063e+19,-0.010590800756138385
129.0,0.6449109688868548,0.645,82.96627636738121,85.22114266753196,62.67842475250363,94.75431784540415,95.02075644508004,50.45661798417568,81.7047780316323,46.3942021459341,0.6449109688868548,0.7491666287927227,0.6402674076257626,0.6171066455487116,0.629679582326384,0.6413146837730658,0.6436179137056974,819.7574966888455,818.6338801385614,808.2195595204618,1.0215144518579493e+19,1.1687771400094394e+19,-0.008903111314517709
130.0,0.6500079387770097,0.6499999999999999,83.19515195973217,85.29242706596851,62.620329818874595,94.97739818245172,95.08843967989087,50.316220360994336,81.64680753014981,46.2671443849802,0.6500079387770097,0.7478810671329831,0.6404922528136053,0.6204354893489545,0.6344648612944812,0.6463718618784222,0.6486843796039079,819.8207227036976,818.6176263601236,808.1953553857769,1.0215187223699147e+19,1.1687653341204673e+19,0.0007938777009774967
131.0,0.6550310305619751,0.655,83.41687250621617,85.36002147495746,62.55456506386399,95.19648475497961,95.15277762636542,50.17014454603195,81.58223056904971,46.13231100440025,0.6550310305619751,0.7466759813422582,0.6408688233104796,0.6239562211407721,0.6393288228529195,0.6514412396570458,0.6537518491269589,819.8864405675253,818.6061690658412,808.1735267393909,1.021522930232515e+19,1.1687536991786856e+19,0.003103056197506504
132.0,0.6600408171024578,0.6599999999999999,83.63680141158402,85.42844833731651,62.48782814964652,95.41599404364824,95.21822654381394,50.024459201097486,81.51758895181119,45.997437971830365,0.6600408171024578,0.7455493289303143,0.6413898475937704,0.627638996016621,0.6442291512599215,0.6564573097079501,0.6587451716955968,819.9539692981131,818.5993217349696,808.1540990654964,1.0215270764454193e+19,1.1687422324535261e+19,0.004081710245784631
133.0,0.6650745613932928,0.6649999999999999,83.85404949374497,85.49695495814085,62.41900212988257,95.63519727736711,95.28403764888644,49.87815627753734,81.45177920274436,45.8612448900938,0.6650745613932928,0.7445004079562576,0.6420515299226367,0.6314686095575277,0.6491624957638027,0.6614808284563292,0.6637736411769571,820.0237779696139,818.5969139806868,808.1370800486465,1.0215311607350057e+19,1.168730934707589e+19,0.007456139329287126
134.0,0.6700723579062623,0.6699999999999999,84.06718212850392,85.56434628665447,62.346304192394015,95.85292484909296,95.34903592541814,49.72961874604225,81.38306902460754,45.72167443037033,0.6700723579062623,0.7435282272757046,0.6428494515481906,0.6354288478831621,0.6541194514891514,0.6665006224674793,0.6687886635175978,820.0958944708758,818.5988039385675,808.1224644704843,1.0215351831150365e+19,1.1687198059151362e+19,0.007235790626236582
135.0,0.675072266679355,0.6749999999999999,84.27849400527775,85.63255615085363,62.27259865328669,96.07106646448374,95.41512569710612,49.5814404964447,81.31425406895578,45.58203554451465,0.675072266679355,0.7426314225318859,0.643778383147785,0.6395020224034327,0.6590856187597465,0.6714991082662805,0.6737787609414737,820.1701197572281,818.6048473508647,808.1102368619403,1.0215391439740164e+19,1.1687088450223307e+19,0.0072266679355115215
136.0,0.6800769695997647,0.6799999999999999,84.48713377602398,85.70086901187896,62.1968220166862,96.28892530053854,95.48159959092736,49.432657438516614,81.24429288618266,45.44110368490219,0.6800769695997647,0.7418092116190332,0.6448346535947448,0.6436772447832131,0.6640621615557248,0.6765028220356943,0.6787849305148004,820.2466846470189,818.6149156191669,808.1003732925475,1.0215430431529292e+19,1.1686980524774267e+19,0.007696959976477569
137.0,0.6850652644567826,0.6849999999999999,84.69292295463383,85.76914152801037,62.11875606998801,96.50636001974344,95.54831773713231,49.28306883871555,81.17297734431922,45.29862667918205,0.6850652644567826,0.7410605661689457,0.6460140721304437,0.6479425770097333,0.6690443569702613,0.6815009162949947,0.6837792714141571,820.3255295814956,818.6288929917081,808.0928439379201,1.021546880740484e+19,1.1686874280491166e+19,0.006526445678267656
138.0,0.6900576221998971,0.69,84.89678065963089,85.83814859688282,62.03954816535115,96.72412824183702,95.61604277715087,49.133711758255956,81.10142701230943,45.15592995584011,0.6900576221998971,0.7403844175327041,0.6473124492909613,0.6522869661419058,0.6740278942629866,0.6864910565881439,0.688766578117982,820.4065893982574,818.6466653504074,808.0876143304993,1.0215506568775143e+19,1.1686769713630982e+19,0.00576221998971338
139.0,0.6950486490221353,0.695,85.09816881008446,85.90743983089924,61.95852797403931,96.94179050177335,95.68433040305972,48.98397630751133,81.02898790054023,45.01224027872085,0.6950486490221353,0.7397799315735463,0.648726271491624,0.6567024605673526,0.6790141168981344,0.6914837135735552,0.6937600853806617,820.4899437173805,818.6681289360179,808.0846464597129,1.021554371490538e+19,1.1686666826330479e+19,0.004864902213530531
140.0,0.7000328534342425,0.7,85.29724880047142,85.97715486139059,61.87589957490563,97.15948256403207,95.75331882312894,48.83404381871223,80.95586200915277,44.86779260933399,0.7000328534342425,0.7392461254771278,0.650251741356459,0.6611805997584373,0.6840006416031243,0.6964719185395092,0.6987458790362231,820.5755161868052,818.6931857067128,808.083899994808,1.0215580246602533e+19,1.1686565616497052e+19,0.0032853434242530177
141.0,0.6999108802028703,0.7,85.35756382457912,85.93052048161626,61.619959614425895,97.26336353570223,95.70788442268967,48.5269012928009,80.71428852640092,44.52322256863117,0.6999108802028703,0.7387579160746902,0.6518253327581122,0.6655002119358565,0.6884427915833495,0.6996043980139122,0.7008601462024209,820.6457843746695,818.7213539402351,808.0853258629157,1.021561639750138e+19,1.1686465443300964e+19,-0.008911979712966644
142.0,0.7004677381267846,0.7,85.53067998699844,85.97836762592196,61.50373064652085,97.45989828854799,95.75518846437335,48.346558946371076,80.60863033048808,44.34047667980194,0.7004677381267846,0.738266382373774,0.6533263203367999,0.6692649549592788,0.691500411812966,0.6998442834235054,0.6999337764076188,820.6796722811645,818.750443611048,808.0887737041088,1.0215652636442997e+19,1.1686365020572305e+19,0.04677381267846892
143.0,0.701192469652703,0.7,85.6753117006272,86.00136611908674,61.35046201124787,97.63284413069486,95.77729576006531,48.13319544792175,80.46558880917728,44.11591872870922,0.701192469652703,0.7377944010945955,0.6548133958471113,0.6727331225825373,0.6940240195387822,0.7007172359002246,0.7010813786100315,820.7089468723502,818.7794308760447,808.0939746485433,1.0215688742276084e+19,1.1686264955004672e+19,0.1192469652703032
144.0,0.7004524660678983,0.7,85.79789994768798,86.00514618232846,61.168347514420745,97.78761957138776,95.77984071448445,47.894218030571935,80.29336771480739,43.858975026011464,0.7004524660678983,0.7373287761771019,0.6562549057212215,0.6758234367840146,0.6958715781253704,0.7008306097926815,0.7007595491705959,820.72742972064,818.8079183259965,808.100658650806,1.0215724840179147e+19,1.1686164903212362e+19,0.04524660678983938
145.0,0.7006425761435603,0.7,85.97382986657321,86.05282359868288,61.0511853761971,97.98601789325475,95.8248583741486,47.71467337310314,80.18318478129804,43.67803517282009,0.7006425761435603,0.7368617340110868,0.6576333790290513,0.6785129304875751,0.6970774225084513,0.7005074024875273,0.7004092119720646,820.7366056399046,818.8352288749005,808.1085480245747,1.0215761004957776e+19,1.1686064659969436e+19,0.06425761435603361
146.0,0.7006798786676716,0.7,86.1263332080096,86.07978933416307,60.90317318513989,98.16494754999876,95.848667345196,47.50779483020305,80.04147175811231,43.4625367552042,0.7006798786676716,0.7364052479691033,0.6589802778627858,0.680947989215427,0.6980580056067455,0.7006874230592646,0.7007400702503533,820.7483533824893,818.8614014810499,808.117377955561,1.0215797120695118e+19,1.16859645432698e+19,0.06798786676716073
147.0,0.700283613841055,0.7,86.28263442330062,86.1090479914099,60.758373982459304,98.34681911319494,95.87400067523122,47.30439693033695,79.9016224231571,43.25174093544483,0.700283613841055,0.7359513812171047,0.6602772899071394,0.6830886606885117,0.6987071465319582,0.7005097798277921,0.7003964197679452,820.7567873294158,818.8864664606463,808.1269305921093,1.0215833262925113e+19,1.1685864345905375e+19,0.02836138410550193
148.0,0.7004197880832093,0.7,86.46066612116992,86.15554612614214,60.63905341103673,98.54629030376672,95.91552226915955,47.12467509806156,79.78522449843585,43.07139018476009,0.7004197880832093,0.7355005578697061,0.6615271517910595,0.6849720624899156,0.6991295347014317,0.700353492167886,0.7003274086331017,820.7643527341985,818.9103458025463,808.13701338888,1.0215869427342295e+19,1.1685764079679793e+19,0.04197880832093048
149.0,0.7003483792993676,0.7,86.62507081143558,86.18957798667252,60.50113557949662,98.73432316929102,95.94398612454533,46.92868870794773,79.64930135123431,42.87058803737163,0.7003483792993676,0.7350573819917683,0.6627427720155776,0.6866658424421829,0.6994785772410926,0.700408757795515,0.7004099207901086,820.7743005362792,818.9332372547153,808.1474663511259,1.0215905568889235e+19,1.168566386819872e+19,0.034837929936759604
150.0,0.7001845082068585,0.7,86.79730302207172,86.22922098375857,60.371421075612304,98.92855308502912,95.97722903564572,46.74069743156433,79.52006536833942,42.680246639251706,0.7001845082068585,0.7346174903889884,0.6639146832970295,0.6881539670137284,0.6996848773065234,0.7002792287948316,0.7002166615220152,820.7830253575389,818.9552091080463,808.1581647726445,1.0215941728902158e+19,1.168556359806647e+19,0.018450820685855795
151.0,0.7002703569529,0.7,86.97744025401771,86.27447677887976,60.249959013611075,99.12900736480951,96.0152245528996,46.5607576996088,79.39749763272702,42.50044174790382,0.7002703569529,0.7341825225671224,0.6650484221749202,0.6894738299977541,0.6998242591274698,0.7002308895382985,0.7002299201518569,820.7923677635906,818.9763042814267,808.1690036787603,1.0215977891143637e+19,1.1685463313822996e+19,0.027035695290000827
152.0,0.700202495019228,0.7,87.15125975124538,86.31341557689011,60.1190380372107,99.32401324361562,96.04623977020383,46.372813555598256,79.2643542971462,42.31071238517761,0.700202495019228,0.7337538178608964,0.6661486245377566,0.6906556045986555,0.6999414152073756,0.7002492805106141,0.7002417190614928,820.8028234639013,818.9966619711965,808.1799009313434,1.0216014041987705e+19,1.1685363052848957e+19,0.020249501922808832
153.0,0.7001483787836907,0.7,87.33157722763717,86.35681974999606,59.994654326885936,99.5240970954299,96.08090501204133,46.191350388526914,79.13626078628003,42.129516917467114,0.7001483787836907,0.7333292333634241,0.667211247017873,0.6916967227248662,0.7000000055552138,0.7001795195911126,0.7001517487379062,820.8126570463847,819.0163236604824,808.1907936217244,1.0216050201443922e+19,1.1685262760253356e+19,0.01483787836907835
154.0,0.7001933309221122,0.7,87.5144329380244,86.40133220814168,59.87184931263327,99.72598951607942,96.11590177491307,46.011881816387174,79.00834987424314,41.9511402875185,0.7001933309221122,0.7329100621380994,0.6682407917909088,0.6926243073735558,0.7000445532498197,0.7001730302240401,0.7001777294349463,820.8230225322061,819.0353391273477,808.2016301786015,1.0216086356494977e+19,1.168516247174442e+19,0.0193330922112267
155.0,0.7001492337068455,0.7,87.69525715820491,86.4431306283921,59.74494336470961,99.92594387680292,96.14747803583741,45.82925597131252,78.87510643266141,41.769016715884206,0.7001492337068455,0.7324964224604819,0.6692387442776578,0.693452231134701,0.7000814911000484,0.7001769724157932,0.7001701386819288,820.8336896176148,819.0537854028998,808.2123719269227,1.0216122505308842e+19,1.1685062192348942e+19,0.014923370684549742
156.0,0.7001386533483609,0.7,87.8805041026324,86.48763890303671,59.6219882287085,100.12925764471292,96.18097851350903,45.65076649487018,78.74438855908811,41.59244069755077,0.7001386533483609,0.7320873875693897,0.6702039803702703,0.6941841146272335,0.7000956575442054,0.7001446831088342,0.7001343680268667,820.8439770705852,819.0716855928916,808.2229895645548,1.021615865620035e+19,1.1684961899257606e+19,0.013865334836093979
157.0,0.7001594438522357,0.7,88.06663042418658,86.53186766542494,59.49855862483382,100.33301305323839,96.21345524415374,45.47240689694881,78.6118685092777,41.416307646036145,0.7001594438522357,0.7316837113657506,0.6711395287680798,0.6948374994750085,0.7001102054792671,0.7001501072504602,0.7001544918642457,820.8545091409686,819.0890773231457,808.2334598291186,1.0216194801303681e+19,1.1684861614047785e+19,0.01594438522357633
158.0,0.700136397010391,0.7,88.25280666463077,86.57513088844716,59.373632460087535,100.53653224855661,96.2442406706512,45.293248000741,78.47656498216092,41.239433112740514,0.700136397010391,0.7312851779109445,0.672045947038892,0.6954196307041955,0.7001214194159121,0.7001499539415053,0.7001459113042408,820.864981358015,819.106001152039,808.2437661802405,1.0216230942044987e+19,1.1684761332808172e+19,0.01363970103910317
159.0,0.7001403447547285,0.7,88.44183868281543,86.6197839539498,59.250709287077186,100.74211608916521,96.2756552837789,45.11646110117435,78.34189108870923,41.06585856080055,0.7001403447547285,0.7308914341809067,0.6729234371049427,0.6959358885233633,0.700124609373397,0.7001379375436465,0.7001354719703203,820.8751891188567,819.122472246923,808.253896459188,1.0216267081223221e+19,1.1684661047860916e+19,0.014034475472857189
160.0,0.7001499975359884,0.7,88.6314693402499,86.66392647959292,59.12697409018874,100.94790738373995,96.30582749769091,44.93949702680111,78.20509875677526,40.89233602881431,0.7001499975359884,0.7305028393103369,0.6737739386728839,0.6963970976996899,0.7001306040298266,0.7001453612442416,0.700148709468842,820.8854280384218,819.1385167506754,808.2638416704843,1.021630321477103e+19,1.1684560770363802e+19,0.014999753598843313
161.0,0.7029330340445481,0.7028571428571428,88.90002900473773,86.77461428679526,59.10102557688951,101.21926089674234,96.40088003799319,44.852513808012006,78.16254982464015,40.83334128856659,0.7029330340445481,0.7301325204793448,0.6746310399822305,0.6969262130464668,0.7004360236815109,0.7011767406832362,0.7018122207655502,820.9051751225036,819.1543693274004,808.2736000578257,1.0216339215302932e+19,1.1684460849758532e+19,0.007589118740525258
162.0,0.7055735488767718,0.7057142857142856,89.11106622330844,86.83742163814604,59.00300347357988,101.44414962381124,96.4483587399125,44.701377141475675,78.04903947673738,40.69245961606502,0.7055735488767718,0.7298073206984199,0.6755613097387462,0.6977476317854602,0.7015138256791168,0.7038288230140711,0.7050424099709925,820.9463201544462,819.1712117151867,808.2832270788402,1.0216374820294097e+19,1.1684362006240821e+19,-0.014073683751381072
163.0,0.7079555019977893,0.7085714285714285,89.3301095675677,86.90780402459204,58.91500067263841,101.6765300437808,96.50313614234328,44.56028175652027,77.94519461803138,40.5642188668251,0.7079555019977893,0.7295157629491145,0.6765355000052811,0.6987347699635441,0.7029265446409316,0.7062236920857683,0.707318440282059,820.99216813497,819.1896380846246,808.2928480261903,1.0216410135387294e+19,1.168426395008919e+19,-0.06159265736391806
164.0,0.7112037332821115,0.7114285714285714,89.5666538786143,86.99363328255713,58.84878339171409,101.92413144856691,96.57292519435286,44.439889933168885,77.86239508651197,40.46221474856138,0.7112037332821115,0.7292626679856612,0.6775652602591317,0.6999159792954144,0.7047029420540617,0.7089619555363083,0.7102823495029613,821.0444404483148,819.2098275536823,808.3025921579373,1.0216445109956508e+19,1.168416682023561e+19,-0.022483814645990474
165.0,0.7140085715989005,0.7142857142857143,89.77278994135558,87.05474750809371,58.74469430297613,102.14765768796205,96.6182271644473,44.286118666827676,77.74257086329162,40.31752736419439,0.7140085715989005,0.7290533499868754,0.6786631244910573,0.7013189907099661,0.7068594649032168,0.7120150465880282,0.713383380423442,821.1035247935722,819.2321332821773,808.3125924313542,1.021647968769662e+19,1.168407077120634e+19,-0.02771426868137805
166.0,0.7167984677058795,0.7171428571428571,89.98864038400352,87.124950767681,58.65284028947353,102.38010002225637,96.6723802268505,44.1443411514163,77.63470103703439,40.18797260075807,0.7167984677058795,0.7288804148797466,0.6798100800512659,0.7028606871352713,0.7091530724234271,0.7147796150571375,0.7160458460118642,821.1622980487226,819.2565297440468,808.322977407034,1.0216513934949943e+19,1.1683975621090554e+19,-0.034438943697756574
167.0,0.7198801459185378,0.72,90.20554341487586,87.19688945375383,58.56235422492027,102.61431224197149,96.7280983954668,44.004736836254594,77.52808924131095,40.061042587459085,0.7198801459185378,0.7287469668060748,0.6810134165864747,0.7045570279807948,0.711624347952183,0.7177090979524898,0.719066167662941,821.223500581791,819.2829464935584,808.3338498141759,1.0216547817275032e+19,1.1683881464432062e+19,-0.011985408146220067
168.0,0.722672815894816,0.7228571428571429,90.40893910937011,87.25838808082044,58.455127882957456,102.83837098926305,96.77341795265674,43.85088854581117,77.4051353123039,39.915815974771974,0.722672815894816,0.7286531304596301,0.6822728854925033,0.7063959283709145,0.7142350974287761,0.7206665990035911,0.7219966164080243,821.2864494003815,819.311401487581,808.3452975003886,1.0216581328593144e+19,1.168378831798003e+19,-0.018432696232684176
169.0,0.7255480467205241,0.7257142857142856,90.6191995602101,87.32657673321664,58.35657164752483,103.06901303976774,96.82521289139986,43.70581757575273,77.2906338583678,39.78163034766912,0.7255480467205241,0.7285954023777952,0.683579330360704,0.7083361248930394,0.7168871644156367,0.7234857064687442,0.7247788836439814,821.3488619930465,819.3417589852625,808.3573913921747,1.0216614498069391e+19,1.1683696101803526e+19,-0.016623899376155826
170.0,0.7284957148550208,0.7285714285714285,90.82616897039115,87.3928906854242,58.253993931412694,103.29788635224104,96.87502871751785,43.55803721696138,77.17216295860707,39.64385225921869,0.7284957148550208,0.7285755883871444,0.6849368738916992,0.7103860998388726,0.71961715016925,0.7264029300247269,0.7277378823086016,821.4127260692817,819.373938364907,808.3701825249346,1.0216647303829109e+19,1.1683604875976276e+19,-0.00757137164076882
171.0,0.7313010427366718,0.7314285714285714,91.02807773761451,87.45587764047086,58.14521633386612,103.52355668991804,96.92145140767097,43.40556638985872,77.04763503484428,39.49995761662721,0.7313010427366718,0.7285925482383063,0.6863422753093246,0.7125279027676911,0.7223888505398045,0.7292870947090021,0.7305928177533302,821.4772042840519,819.4078882632964,808.3837107960967,1.0216679752283195e+19,1.1683514622985802e+19,-0.012752869189958105
172.0,0.7341865583064828,0.7342857142857143,91.23344375304877,87.52268800996244,58.040853294730184,103.75301625877619,96.97151809856295,43.25802391320467,76.92739299796521,39.36220649927854,0.7341865583064828,0.7286448502963113,0.6877916610406987,0.714743314845238,0.7251721996444389,0.7321250920625428,0.7334251681700861,821.5418290218107,819.4435011554331,808.398003941788,1.0216711852859777e+19,1.1683425317040878e+19,-0.009915597923149111
173.0,0.7370670929013683,0.7371428571428571,91.43533559255302,87.58748985938728,57.932255166769025,103.98057074397802,97.01947969868779,43.10757627636194,76.80298809818923,39.22061946541071,0.7370670929013683,0.7287332298176993,0.6892865738035873,0.7170344269870632,0.7279884454084812,0.7350139937577783,0.7363305725545891,821.6076050307132,819.4807214254872,808.4130790578529,1.0216743594136658e+19,1.1683336989544036e+19,-0.007576424148880712
174.0,0.7398925415907268,0.74,91.63570837788284,87.65194338671863,57.82187444269657,104.20783473104238,97.06697979494929,42.9564402654767,76.67683188728988,39.07802287787199,0.7398925415907268,0.7288565044786459,0.690823793711442,0.7193866115901343,0.7308131373326271,0.7378683714987087,0.739166240809241,821.673884487059,819.5194931987477,808.4289471407158,1.0216774983177992e+19,1.1683249621190105e+19,-0.010745840927317563
175.0,0.742768696758059,0.7428571428571429,91.83715939633548,87.71822299920022,57.71294308006763,104.4369374319911,97.1161551989615,42.80754532963037,76.55206651352346,38.938152621686456,0.742768696758059,0.729014112154719,0.6924017050564225,0.7217922313079069,0.7336421675678924,0.7407161108294823,0.7420180505344475,821.7407634401443,819.5597453108372,808.4456123615101,1.021680602120584e+19,1.1683163208697702e+19,-0.008844609908387202
176.0,0.7456218477095756,0.7457142857142857,92.03604507558047,87.78326860181987,57.60091962218284,104.66488803476095,97.16399239301681,42.65677597671747,76.42426286004483,38.79576673656702,0.7456218477095756,0.7292061063610881,0.6940202376275297,0.7242495844342275,0.736484166405938,0.7435846113385163,0.7448906810552599,821.8086132081728,819.6014374062399,808.4630739873631,1.0216836703525683e+19,1.1683077765015394e+19,-0.009243800471003816
177.0,0.7484618256535109,0.7485714285714286,92.23457348458469,87.84894278012216,57.488563898205754,104.89350328892469,97.21232957690954,42.50662916451692,76.2961213376373,38.65404915362596,0.7484618256535109,0.7294315667639086,0.6956769224526623,0.7267488085344587,0.7393254861239381,0.7464304493291335,0.74772713829337,821.8770476615994,819.6445209433513,808.4813282159229,1.0216867034878992e+19,1.1682993277208967e+19,-0.010960291791761723
178.0,0.7513260125131889,0.7514285714285714,92.4329016815871,87.91537252925336,57.37606819272041,105.12290972024202,97.26128920465707,42.357278908789155,76.16782362125814,38.51322444826364,0.7513260125131889,0.7296902049516751,0.6973709020566335,0.7292865182523722,0.7421693956452503,0.7492818045098043,0.7505833770691783,821.9462595740833,819.6889479011553,808.5003678251292,1.021689701400315e+19,1.1682909748812933e+19,-0.010255891538257789
179.0,0.7541707231996215,0.7542857142857143,92.62957203499973,87.9813366767019,57.2616188108921,105.35191216617822,97.30967041403055,42.20707979351282,76.03760460875928,38.37119814306497,0.7541707231996215,0.7299817281234057,0.6991013218670529,0.7318595527303194,0.7450175801635415,0.7521382352949573,0.7534390769244226,822.016313820884,819.7346845994336,808.5201835613618,1.0216926639703063e+19,1.1682827183177136e+19,-0.011499108609280828
180.0,0.7570179091557919,0.7571428571428571,92.82605491690337,88.04807284586131,57.147051739692685,105.5817188873887,97.3586935095489,42.05769261270761,75.90725807212293,38.230089019238946,0.7570179091557919,0.7303054730033223,0.7008664325323822,0.7344619196614806,0.7478638193539217,0.7549832010365213,0.7562804459772047,822.0870283201808,819.7816905562287,808.5407646896317,1.0216955914416005e+19,1.1682745573687835e+19,-0.012494798706519372
181.0,0.7598730702378234,0.76,93.02181665711105,88.11513071618974,57.031700785458085,105.81189053803682,97.40791412740946,41.90851266235113,75.77613217495382,38.08912908583879,0.7598730702378234,0.7306611817329434,0.702665519769287,0.7370917051876925,0.7507118210138586,0.7578346014500347,0.759135016917243,822.1585451127878,819.8299301975378,808.5620989508025,1.0216984836731806e+19,1.1682664924284668e+19,-0.012692976217665297
182.0,0.7627167402582266,0.7628571428571429,93.21652162186801,88.18223124854266,56.91515091359615,106.04215275794267,97.45705927833914,41.75916124433279,75.64382598660886,37.94783815294504,0.7627167402582266,0.7310484314606849,0.7044974745487483,0.739745724631544,0.7535605862548751,0.760684811711678,0.7619833746011951,822.2308190704765,819.8793730672185,808.5841733671534,1.021701340686672e+19,1.1682585234446375e+19,-0.014040259891634488
183.0,0.7655661507035891,0.7657142857142858,93.41090601794421,88.24999334774911,56.79832128733396,106.27310992330312,97.50673901215195,41.61046893447637,75.51123688481748,37.807277138531205,0.7655661507035891,0.7314667298753984,0.7063610394437769,0.7424205291970597,0.756408050242273,0.7635306819086235,0.764828484431697,822.3037861289132,819.9299852592076,808.606974311956,1.021704162576622e+19,1.1682506501651431e+19,-0.014813501069665946
184.0,0.7684158216720516,0.7685714285714286,93.60444294027984,88.31797416619956,56.68055582344532,106.50432902127504,97.55651739910245,41.46183944791555,75.37772522233426,37.66668875068426,0.7684158216720516,0.7319157809156251,0.7082554648158936,0.7451146716375098,0.7592565568697236,0.7663806847870436,0.7676799149780454,822.3775172779225,819.9817375705494,808.6304876201349,1.0217069492532425e+19,1.1682428728434616e+19,-0.015560689937699212
185.0,0.7712606318158912,0.7714285714285715,93.79724602513015,88.38627103082835,56.56199878007173,106.7359039440751,97.60649166181683,41.31340090483427,75.24343455694616,37.52623866051435,0.7712606318158912,0.7323951419332798,0.7101796529418773,0.7478255619622449,0.7621046550274257,0.769228089986361,0.7705258240365459,822.4519491469764,820.0346018256411,808.6546989784797,1.0217097007723532e+19,1.1682351913336971e+19,-0.01679396126802457
186.0,0.7741096609655963,0.7742857142857144,93.98955763988197,88.45508747659623,56.442953298985955,106.96803327947855,97.65686262324452,41.165425802767274,75.10866106413305,37.38627664297819,0.7741096609655963,0.7329044144986284,0.71213263655398,0.7505512417196961,0.7649521909804669,0.7720747252608927,0.7733727234029836,822.5270707440698,820.0885490610957,808.6795938762974,1.0217124171525499e+19,1.168227605592056e+19,-0.017605332011805253
187.0,0.7769566666723597,0.7771428571428571,94.1810696285218,88.52416510246694,56.3230366140604,107.20046385675668,97.70737642720341,41.01756511181593,74.97303266189992,37.24636049121618,0.7769566666723597,0.7334432624601107,0.7141136193098963,0.7532904480672352,0.7678001572534351,0.7749231026632514,0.7762214333580307,822.602899986997,820.1435534372652,808.7051577475069,1.0217150983567946e+19,1.1682201157273588e+19,-0.01861904704973938
188.0,0.7798024493741061,0.78,94.3719701629132,88.59366304539144,56.2024853259325,107.43335030525922,97.75819079875946,40.870030637085435,74.83678201697766,37.10676262825727,0.7798024493741061,0.7340112690713879,0.7161216204142943,0.7560413285455589,0.7706475384848062,0.777769448569102,0.7790669343268966,822.6793887395554,820.1995889478201,808.7313761180067,1.0217177444303174e+19,1.1682127216227811e+19,-0.019755062589388306
189.0,0.7826504411061311,0.7828571428571429,94.56227965764701,88.66359849385917,56.081325981020925,107.66670901626348,97.80932312756777,40.722844298183915,74.69993577264249,36.96751346737146,0.7826504411061311,0.7346080773535657,0.7181558245362423,0.7588027079671531,0.7734947579292593,0.7806162667757927,0.7819141873323882,822.7565399311724,820.2566301426455,808.7582345644084,1.0217203553655998e+19,1.1682054233061896e+19,-0.020670175101178412
190.0,0.7854964014065878,0.7857142857142858,94.75186263136565,88.73385832570493,55.95939138829708,107.90042864829302,97.86066281720996,40.575852166116235,74.56233243010938,36.828419382870194,0.7854964014065878,0.7352333338464802,0.7202154389801032,0.761573523979632,0.776342053478785,0.7834634598994096,0.784761249736779,822.8343450274187,820.3146533480624,808.7857188261431,1.0217229311559911e+19,1.1681982208030851e+19,-0.021788430769797973
191.0,0.7883427599747229,0.7885714285714286,94.9408679317683,88.80456808321178,55.83686863183975,108.13463122695684,97.91233427003026,40.4292213127017,74.42415583990514,36.68969581574201,0.7883427599747229,0.735886654562303,0.7222996096605669,0.7643525339161855,0.7791889058998561,0.7863095148685717,0.7876069677912111,822.9127732451633,820.3736346697368,808.8138148392977,1.021725471828824e+19,1.168191114045763e+19,-0.02286685967056723
192.0,0.791189734150713,0.7914285714285715,95.12923327200114,88.87567561976611,55.71368133574724,108.36926526874304,97.96428668424487,40.28288021236658,74.28533247970044,36.55125416368246,0.791189734150713,0.7365677004404046,0.724407608103453,0.7671389760841348,0.7820357652242891,0.7891562282109622,0.7904539796982141,822.9918261148285,820.4335512244403,808.8425087224117,1.021727977372593e+19,1.1681841030730576e+19,-0.02388372778584502
193.0,0.7940355177234251,0.7942857142857144,95.31693831197917,88.94716446213424,55.58980579227209,108.60431392043829,98.0165046557784,40.13680490404367,74.14584077261388,36.413066412508485,0.7940355177234251,0.7372761166383273,0.72653867889819,0.7699319965506333,0.7848825244208191,0.7920026889556827,0.793300203773672,823.0714846542678,820.4943810004836,808.8717868435493,1.021730447795206e+19,1.1681771878705644e+19,-0.025019656228930653
194.0,0.7968819001995028,0.7971428571428572,95.50405301265418,89.01909356676042,55.465330477058885,108.83983423858881,98.06904685795307,39.99107312709093,74.00576812885701,36.2752342030406,0.7968819001995028,0.7380115483202215,0.7286920793454332,0.7727307995416592,0.7877290346132736,0.794848716138088,0.7961461590034667,823.1517309158102,820.5561020799668,808.9016358108519,1.021732883108959e+19,1.168170368411854e+19,-0.026095694335437347
195.0,0.7997281692019539,0.8,95.69052386395633,89.091418408975,55.34019028693437,109.07578204125166,98.1218701556325,39.845623444020745,73.86505229137838,36.13768180757761,0.7997281692019539,0.7387736630533253,0.7308671341073443,0.7755348292094992,0.790575547955804,0.7976951059962144,0.7989926563508692,823.2325595244253,820.618693465049,808.9320424761254,1.0217352833087644e+19,1.1681636447181873e+19,-0.027183079804615762
196.0,0.7994761094925803,0.8,95.79841034226119,89.09745323397219,55.11633689254522,109.24713868945837,98.10922775715589,39.61081416457891,73.62789595983922,35.886586393415925,0.7994761094925803,0.7395472864292703,0.7330263391803871,0.7782120168102488,0.793087672569388,0.7993957904454975,0.7999787904821487,823.3031895339348,820.6818994832481,808.9629896589632,1.0217376627269011e+19,1.1681569774852528e+19,-0.05238905074197442
197.0,0.7999607484856368,0.8,95.97991642467677,89.16471750773489,54.983106429874894,109.47879685014486,98.15642831772566,39.458395819365975,73.47839383147657,35.74083065539598,0.7999607484856368,0.740304797190649,0.7351024680138766,0.7805418204805653,0.7947995227661432,0.7995008339112466,0.7995723486177266,823.3523082598584,820.7444424645763,808.9943999285813,1.0217400480233286e+19,1.1681502935904018e+19,-0.0039251514363236595
198.0,0.8003684143303317,0.8,96.13365464024245,89.20771426446736,54.81380684226751,109.6873907700181,98.17904707342386,39.27377476841211,73.29249728582799,35.554398994147775,0.8003684143303317,0.7410626702729788,0.737138290599661,0.7827024402879657,0.7962630900427289,0.8001083731159223,0.8003466703466324,823.3998753661634,820.805874989217,809.0261309947282,1.0217424234285734e+19,1.1681436362868414e+19,0.03684143303316345
199.0,0.7998129027235223,0.8,96.27915527038276,89.24300873018801,54.6329047486186,109.88904675394296,98.1934681341052,39.0790954336524,73.09423185251653,35.355501647293565,0.7998129027235223,0.7418096264934048,0.7391071570336462,0.784613928021988,0.7973008552377941,0.8000979686442659,0.8000118528754105,823.4391283648634,820.8659737400266,809.0580455495937,1.0217447998515536e+19,1.1681369756547047e+19,-0.018709727647769903
